{
  "totalCallsigns" : 19608,
  "totalFlights" : 98111,
  "typesSeen" : 336,
  "mostFrequentAircraft" : {
    "lastSeen" : 1757974771.7,
    "timesSeen" : [
      1745517985,
      1745592497.6,
      1745596115.2,
      1745600016.2,
      1745603628.2,
      1745854638.1000001,
      1745858291.2,
      1745863286.4,
      1745874973.3,
      1746108083.1999998,
      1746111737.1999998,
      1746119025.3999999,
      1746123515.5,
      1746279700.1,
      1746290963.9,
      1746294627.6999998,
      1747316606.9,
      1747407495.3999999,
      1747412428.3,
      1747416392.3000002,
      1747420533.7,
      1747424260.4,
      1747427899.8999999,
      1747431836.5,
      1747437804.8000002,
      1747574823.6999998,
      1748118386.9,
      1748177155.6,
      1748259147.8,
      1748262872.3000002,
      1748266701.2,
      1748270981.8,
      1748275216.8,
      1748279108.2,
      1748283140.4,
      1748286748.4,
      1748290369.5,
      1748299755.4,
      1748345989.7,
      1748349608.8,
      1748353263.8999999,
      1748356914.7,
      1748360725.4,
      1748364342.8999999,
      1748371274.3000002,
      1748379077.2,
      1748385586,
      1748433648.3999999,
      1748437453.2,
      1748447000,
      1748450887.5,
      1748457728.2,
      1748525513.9,
      1748612672.4,
      1748624710.4,
      1748871830.1000001,
      1749156826.5,
      1749219285.6000001,
      1749225563,
      1749234875.8,
      1749387110.2,
      1749391585.1,
      1749395197.8,
      1749398836,
      1749403022.8,
      1749406663,
      1749410778,
      1749414407.9,
      1749418046.6,
      1749422432.3,
      1749477831.8,
      1750545582.8000002,
      1751206592.8999999,
      1751210230.8000002,
      1751213917.3,
      1751217520.7,
      1751221156.8,
      1751226646,
      1751230466,
      1751291280.1,
      1751295786.5,
      1751300885,
      1751304527.4,
      1751308147.6,
      1751313380,
      1751317018.3,
      1751322264.5,
      1751468042.8999999,
      1751472328.2,
      1751478003.5,
      1751482959.5,
      1751489107.8,
      1751551375.5,
      1751554979.8,
      1751558674.1999998,
      1751567324.8000002,
      1751575807.3,
      1751634675.7,
      1751719833.1000001,
      1751723475.5,
      1751727087.5,
      1751730730.8,
      1751734356.2,
      1751737982.6,
      1751741603.3999999,
      1751745242.1,
      1751748895.7,
      1751754935.8,
      1751806361.3999999,
      1751809963.4,
      1751813618.6999998,
      1751817249.4,
      1751823405.3000002,
      1751827563.8000002,
      1753278155.6999998,
      1753283832.6,
      1753288067.7,
      1753291731.7,
      1753295388.7,
      1753299240.9,
      1753303896.6000001,
      1753307501.9,
      1753312156.3,
      1753364892,
      1753368858.5,
      1753375404.3,
      1753380331,
      1753385918.3999999,
      1753389731.6000001,
      1753450119,
      1753453983,
      1753457797.9,
      1753466419.4,
      1753478521.6,
      1753482396.2,
      1753486025.1000001,
      1753533436.5,
      1753537038.5,
      1753540642.8,
      1753544247.2,
      1753547853.3,
      1753551470.5,
      1753555089.7,
      1753558694.1,
      1753562298.3,
      1753565907.8,
      1753569556.5,
      1753619211.5,
      1753623025.8,
      1753710597.1000001,
      1753715927.7,
      1753719551.4,
      1753723200.4,
      1753726814,
      1753732190.4,
      1753737037.8,
      1753742417.3,
      1753883164.5,
      1753886766.3,
      1753890671,
      1753895029.8,
      1753898661.5,
      1753904740.8999999,
      1753914100.2,
      1754056104.9,
      1754059807.7,
      1754063451.7,
      1754067067.8,
      1754070674.1,
      1754074456.8,
      1754078061,
      1754082205.8999999,
      1754085841.4,
      1754135574,
      1754139177.8999999,
      1754142902.3,
      1754146506.6999998,
      1754150173.8000002,
      1754153825.3,
      1754157469.6999998,
      1754161074,
      1754164918.6,
      1754168523,
      1754172311.7,
      1754177744.6000001,
      1754225083.9,
      1754228688,
      1754232331.8999999,
      1754235935.1,
      1754239565.4,
      1754243736.2,
      1754247375.6000001,
      1754250991.5,
      1754254630.2,
      1754258242.5,
      1754261879.6,
      1754315087.1,
      1754318735.4,
      1754322355.8,
      1754326738.4,
      1754332690.3999999,
      1754336418.6,
      1754340028,
      1754344972.9,
      1754488281,
      1754503358.8999999,
      1754507003.3000002,
      1754512617.1,
      1754516245.5,
      1754520299.1,
      1754574976,
      1754578609.1,
      1754582394.8999999,
      1754586000,
      1754591376.5,
      1754595340.3,
      1754599245.2,
      1754606513.9,
      1754660801.8,
      1754664438.4,
      1754668042.7,
      1754671644.6999998,
      1754676390.3,
      1754681496.3,
      1754686306.1,
      1754691077.8,
      1754695703.3999999,
      1754740484.3999999,
      1754744087.1000001,
      1754747755,
      1754751356.4,
      1754754990,
      1754758594.1,
      1754762200.6,
      1754765858.3,
      1754770908.8999999,
      1754774513.3,
      1754778147.5,
      1754781751.8,
      1754829687.9,
      1754833308.6,
      1754836918.7,
      1754840576.5,
      1754844223.8,
      1754847858.9,
      1754851576.1999998,
      1754855180.9,
      1754861320.6000001,
      1754865572.8999999,
      1754919907.6,
      1754925223.9,
      1754928875,
      1754932732.5,
      1754938051.3,
      1754949972.8,
      1755096179.8,
      1755101766.5,
      1755178978,
      1755184474.5,
      1755188090.1,
      1755193455.1999998,
      1755197059.7,
      1755205649.7,
      1755209249.9,
      1755212886.4,
      1755265610.6000001,
      1755269334.1,
      1755276903.1999998,
      1755281349.1000001,
      1755285974.4,
      1755291500.7,
      1755295585.7,
      1755300000.6999998,
      1755347384.1,
      1755350988.8,
      1755355035.6999998,
      1755358648.3000002,
      1755362277.8,
      1755365912,
      1755369700.5,
      1755373305.3,
      1755376907.7,
      1755380533.4,
      1755384419.1,
      1755434199.9,
      1755437894.4,
      1755441558.8,
      1755445193.3,
      1755449068.1000001,
      1755452672.3,
      1755456300.2,
      1755464355.8999999,
      1755468448.3,
      1755525120.1,
      1755528724.5,
      1755536743.9,
      1755540354.8,
      1755870846.7,
      1755874540.6999998,
      1755886076.1,
      1755889799.5,
      1755893426.6,
      1755898419.1,
      1755902058,
      1755905694.6000001,
      1755952731.4,
      1755956425,
      1755960060,
      1755964256.5,
      1756137148.1,
      1756140872.5,
      1756148709,
      1756302842,
      1756307016.4,
      1756310620.3999999,
      1756332696.6999998,
      1756388729.1,
      1756395036.8999999,
      1756400323,
      1756403927.9,
      1756407569.8000002,
      1756412397.3,
      1756416512.1999998,
      1756420145.1,
      1756475399.3,
      1756479038.8999999,
      1756482643.8999999,
      1756556597.6,
      1756560202,
      1756563838.8999999,
      1756567473.4,
      1756573627.8999999,
      1756577232.1999998,
      1756580836.4,
      1756584440.8,
      1756588135.1999998,
      1756594923.3,
      1756643508,
      1756647128.8,
      1756650737,
      1756654378.6999998,
      1756658018.1000001,
      1756661652.8999999,
      1756665311.2,
      1756668964,
      1756672580.6000001,
      1756676184.9,
      1756679835.6,
      1756736680.5,
      1756740284.8,
      1756743889,
      1756749145.4,
      1756752749.7,
      1756756834.6,
      1756761519.9,
      1756765184.2,
      1756907189.7,
      1756911575.2,
      1756915900.1,
      1756919544.4,
      1756924400.3,
      1756931068.3,
      1757176848,
      1757338840.1,
      1757342441.8999999,
      1757346046.3,
      1757350641.6,
      1757355932.8000002,
      1757360682.7,
      1757364323.1,
