{
  "totalManufacturers" : 49,
  "totalFlights" : 9589,
  "mostFrequentAircraft" : {
    "hex" : "a470e3",
    "flights" : {
      "N38549  " : 40
    },
    "timesSeen" : [
      1740576784,
      1740580402.3,
      1740844500,
      1740848120.7,
      1741009204.5,
      1741012807.6999998,
      1741018454.6000001,
      1741022142.2,
      1741030318.7,
      1741033923,
      1741095212.2,
      1741098868.8,
      1741102876.2,
      1741106477.8999999,
      1741111342,
      1741114950.9,
      1741121583.8,
      1741125199,
      1741205129.5,
      1741609658.2,
      1741613262.6,
      1741617439.1,
      1741626574.5,
      1741630202.8,
      1741636960.8,
      1741641528.4,
      1741712590.8999999,
      1741716557.1,
      1741786536.3,
      1741791732,
      1741796575.1,
      1741800411,
      1741804017,
      1741809672,
      1741813297.9,
      1741868909.3999999,
      1741872532.1,
      1741878571.1000001,
      1741883303.6,
      1741889467.9,
      1741893122.6,
      1741956632.3,
      1741960236.9,
      1741966071,
      1741969680.1,
      1741976377.8,
      1741980033.1,
      1742061233.3999999,
      1742064858.9,
      1742303950.2,
      1742307608.2,
      1742311255.5,
      1742314972.5,
      1742318576.1,
      1742327176.7,
      1742330821.5,
      1742335040.8,
      1742338792.5,
      1742342545,
      1742346170.7,
      1742351151.4,
      1742388404.6,
      1742392062,
      1742397618.7,
      1742405222.5,
      1742412637.3000002,
      1742416242.8,
      1742421557.3000002,
      1742425221.6,
      1742654277,
      1742661054.1,
      1742664708.4,
      1742992830.8999999,
      1742998632.6,
      1743002562.6000001,
      1743007230.4,
      1743017314.7,
      1743020916.7
    ],
    "lastSeen" : 1743022319.8999999
  },
  "aircraftSeen" : 3705,
  "mostFrequentType" : {
    "aircraft" : [
      "a1c82a",
      "a999d2",
      "80159f",
      "a9aebe",
      "406590",
      "710110",
      "a9c508",
      "06a2c5",
      "71c006",
      "71ba04",
      "394a05",
      "780a89",
      "06a2c7",
      "a9bd9a",
      "780a61",
      "8964a5",
      "06a2b1",
      "4bb142",
      "407992",
      "4ba946",
      "710119",
      "06a2c6",
      "406b05",
      "800582",
      "06a1be",
      "4bb143",
      "010154",
      "394a0c",
      "706058",
      "484cba",
      "4ba956",
      "76cef5",
      "06a070",
      "89644f",
      "4ba95a",
      "394a01",
      "71c346",
      "4ba94a",
      "76cee7",
      "896450",
      "a9b275",
      "06a1c0",
      "71c010",
      "71c347",
      "3965a1",
      "8004e0",
      "70605b",
      "780204",
      "76ceea",
      "8015a7",
      "a9cb18",
      "3965a4",
      "394a02",
      "4ba94d",
      "76cee8",
      "a1c7c1",
      "71ba02",
      "78023e",
      "a9a750",
      "4ba94f",
      "76cef2",
      "4bb148",
      "76cef0",
      "a2b8fe",
      "a219ea",
      "76cee2",
      "4ba952",
      "7100c8",
      "a290f3",
      "76cdc1",
      "4ba954",
      "71c042",
      "40621d",
      "70605f",
      "06a2b4",
      "4ba94b",
      "710112",
      "06a2af",
      "780a3c",
      "a9b9e3",
      "71010f",
      "71c011",
      "06a2b5",
      "a9a399",
      "71c041",
      "a9d9f7",
      "a21dc4",
      "394a0a",
      "a1cb0f",
      "4ba955",
      "4065de",
      "3965b3",
      "4b191c",
      "4bb14b",
      "780a17",
      "06a2b8",
      "71c007",
      "780a16",
      "394a08",
      "06a1bf",
      "76cdc3",
      "a9d640",
      "406a34",
      "394a0b",
      "a9ddb0",
      "01013c",
      "394a04",
      "8015a6",
      "40621b",
      "4ba959",
      "3965a0",
      "4bb14a",
      "4bb141",
      "71ba05",
      "3965a3",
      "4b1916",
      "406b0a",
      "394a00",
      "394a15",
      "89644e",
      "71c008",
      "78023d",
      "76cef7",
      "406948",
      "4ba949",
      "4bb145",
      "710111",
      "71ba03",
      "394a12",
      "4b1919",
      "896454",
      "4ba950",
      "406591",
      "a2b501",
      "4ba94e",
      "06a071",
      "4ba94c",
      "406a35",
      "71c009",
      "a21633",
      "780a19",
      "a9ab07",
      "710121",
      "a1cac9",
      "a9b62c",
      "4b191d",
      "8964a8",
      "a1f2b1",
      "896452",
      "800584",
      "76cee9",
      "4b1921",
      "4bb147",
      "76ceef",
      "06a2b6",
      "89644b",
      "780a18",
      "06a2b3",
      "8964a4",
      "a99d89",
      "06a2b7",
      "780220",
      "3965b1",
      "8964a1",
      "a1f5ff",
      "06a19f",
      "407993",
      "a9e167",
      "394a06",
      "7103d8",
      "4ba945",
      "4bb144",
      "a9d286"
    ],
    "name" : "777 300ER",
    "lastSeen" : 1743130373.7,
    "icao" : "B77W"
  },
  "totalCallsigns" : 3240,
  "typesSeen" : 198
}