{
  "totalCallsigns" : 1127,
  "typesSeen" : 134,
  "mostFrequentType" : {
    "aircraft" : [
      "a2b8fe",
      "710111",
      "71ba05",
      "8964a4",
      "4bb143",
      "4ba956",
      "3965a0",
      "4ba94f",
      "a21dc4",
      "71c007",
      "76cef0",
      "4bb144",
      "78023d",
      "394a0a",
      "06a1c0",
      "89644b",
      "780a89",
      "89644e",
      "a9e167",
      "71ba02",
      "a9b9e3",
      "4ba945",
      "706058",
      "06a2b3",
      "06a2b8",
      "a9b275",
      "a9d640",
      "406a35",
      "71c009",
      "a9aebe",
      "a1c7c1",
      "06a071",
      "7100c8",
      "71c041",
      "394a05",
      "a9a399",
      "8964a1",
      "71c347",
      "4ba94b",
      "a9b62c",
      "394a0b",
      "06a2c7",
      "06a2b6",
      "3965a4",
      "40621d",
      "06a2af",
      "06a2c6",
      "4bb14b",
      "01013c",
      "710119",
      "394a04",
      "010154",
      "4b1916",
      "76cef2",
      "06a1be",
      "406590",
      "a1cb0f",
      "71c010",
      "780a16",
      "394a02",
      "a1c82a",
      "780a61",
      "78023e",
      "a9cb18",
      "a999d2",
      "4ba94d",
      "710110",
      "a9ddb0",
      "76ceef",
      "4ba946",
      "a2b501",
      "4ba959",
      "8015a7",
      "a9ab07"
    ],
    "icao" : "B77W",
    "name" : "777 300ER",
    "lastSeen" : 1741135533.6
  },
  "aircraftSeen" : 1472,
  "mostFrequentAircraft" : {
    "lastSeen" : 1741126274.1,
    "flights" : {
      "N38549  " : 10
    },
    "hex" : "a470e3",
    "timesSeen" : [
      1740576784,
      1740580402.3,
      1740844500,
      1740848120.7,
      1741009204.5,
      1741012807.6999998,
      1741018454.6000001,
      1741022142.2,
      1741030318.7,
      1741033923,
      1741095212.2,
      1741098868.8,
      1741102876.2,
      1741106477.8999999,
      1741111342,
      1741114950.9,
      1741121583.8,
      1741125199
    ]
  },
  "totalManufacturers" : 31,
  "totalFlights" : 2486
}