{
  "totalManufacturers" : 43,
  "totalFlights" : 4695,
  "mostFrequentAircraft" : {
    "flights" : {
      "N38549  " : 24
    },
    "lastSeen" : 1741894017.8,
    "timesSeen" : [
      1740576784,
      1740580402.3,
      1740844500,
      1740848120.7,
      1741009204.5,
      1741012807.6999998,
      1741018454.6000001,
      1741022142.2,
      1741030318.7,
      1741033923,
      1741095212.2,
      1741098868.8,
      1741102876.2,
      1741106477.8999999,
      1741111342,
      1741114950.9,
      1741121583.8,
      1741125199,
      1741205129.5,
      1741609658.2,
      1741613262.6,
      1741617439.1,
      1741626574.5,
      1741630202.8,
      1741636960.8,
      1741641528.4,
      1741712590.8999999,
      1741716557.1,
      1741786536.3,
      1741791732,
      1741796575.1,
      1741800411,
      1741804017,
      1741809672,
      1741813297.9,
      1741868909.3999999,
      1741872532.1,
      1741878571.1000001,
      1741883303.6,
      1741889467.9,
      1741893122.6
    ],
    "hex" : "a470e3"
  },
  "typesSeen" : 163,
  "totalCallsigns" : 1899,
  "mostFrequentType" : {
    "lastSeen" : 1741921244.5,
    "aircraft" : [
      "71ba05",
      "a9ab07",
      "010154",
      "3965b1",
      "a9b275",
      "406a34",
      "896450",
      "71c009",
      "3965a4",
      "71c007",
      "06a19f",
      "780a3c",
      "780a17",
      "06a070",
      "780204",
      "a99d89",
      "780a61",
      "780a19",
      "4ba94f",
      "4ba94d",
      "4bb147",
      "4ba945",
      "4bb14a",
      "4bb143",
      "4ba955",
      "394a12",
      "780a89",
      "a9a399",
      "71c006",
      "a219ea",
      "a9b9e3",
      "4ba954",
      "01013c",
      "8964a1",
      "406590",
      "4ba94b",
      "a21dc4",
      "4ba94c",
      "76cef0",
      "710111",
      "a9a750",
      "8015a7",
      "a1cac9",
      "a2b501",
      "4bb142",
      "89644b",
      "71ba02",
      "780a16",
      "a1c7c1",
      "a2b8fe",
      "06a2b8",
      "a9d640",
      "06a071",
      "4ba946",
      "06a1bf",
      "406948",
      "76cef2",
      "76cee2",
      "710110",
      "8964a5",
      "40621d",
      "71c347",
      "3965a3",
      "70605f",
      "8964a4",
      "406b05",
      "71c010",
      "78023e",
      "a9b62c",
      "06a2b6",
      "394a15",
      "06a2b3",
      "06a2af",
      "76ceef",
      "71010f",
      "4b1919",
      "406a35",
      "4ba94e",
      "394a05",
      "a9cb18",
      "06a1be",
      "89644e",
      "06a1c0",
      "a1cb0f",
      "484cba",
      "4ba956",
      "4ba959",
      "4bb144",
      "3965a0",
      "a9e167",
      "394a0b",
      "7100c8",
      "394a04",
      "a9bd9a",
      "4bb141",
      "06a2b5",
      "a9ddb0",
      "706058",
      "710119",
      "8964a8",
      "76cef5",
      "a1c82a",
      "06a2c6",
      "a999d2",
      "a290f3",
      "4bb14b",
      "71c041",
      "06a2c7",
      "4b1916",
      "394a02",
      "a9aebe",
      "06a2b4",
      "4bb148",
      "78023d",
      "4bb145",
      "4ba95a",
      "710112",
      "394a0a",
      "06a2b1",
      "394a06",
      "76cee9"
    ],
    "name" : "777 300ER",
    "icao" : "B77W"
  },
  "aircraftSeen" : 2333
}