{
  "mostFrequentAircraft" : {
    "lastSeen" : 1741642974.6999998,
    "hex" : "a470e3",
    "timesSeen" : [
      1740576784,
      1740580402.3,
      1740844500,
      1740848120.7,
      1741009204.5,
      1741012807.6999998,
      1741018454.6000001,
      1741022142.2,
      1741030318.7,
      1741033923,
      1741095212.2,
      1741098868.8,
      1741102876.2,
      1741106477.8999999,
      1741111342,
      1741114950.9,
      1741121583.8,
      1741125199,
      1741205129.5,
      1741609658.2,
      1741613262.6,
      1741617439.1,
      1741626574.5,
      1741630202.8,
      1741636960.8,
      1741641528.4
    ],
    "flights" : {
      "N38549  " : 13
    }
  },
  "totalManufacturers" : 38,
  "totalCallsigns" : 1535,
  "aircraftSeen" : 1948,
  "mostFrequentType" : {
    "aircraft" : [
      "4ba94d",
      "394a0b",
      "4bb141",
      "a9ab07",
      "a9b275",
      "394a04",
      "780a89",
      "3965a4",
      "76ceef",
      "a21dc4",
      "4bb143",
      "406a35",
      "71010f",
      "71c010",
      "06a1be",
      "8964a1",
      "4ba94f",
      "7100c8",
      "89644b",
      "4bb14b",
      "06a2b1",
      "71c347",
      "78023d",
      "06a071",
      "71c007",
      "71ba05",
      "a1c7c1",
      "710111",
      "8015a7",
      "4ba946",
      "a9b9e3",
      "06a1c0",
      "a219ea",
      "896450",
      "394a05",
      "4ba94b",
      "3965a3",
      "06a2af",
      "4bb144",
      "4bb142",
      "40621d",
      "394a06",
      "a9b62c",
      "4b1916",
      "06a2b3",
      "01013c",
      "406a34",
      "710119",
      "76cef0",
      "394a02",
      "4ba956",
      "a9bd9a",
      "4bb148",
      "a9d640",
      "06a2c7",
      "3965b1",
      "406b05",
      "3965a0",
      "406590",
      "a9aebe",
      "78023e",
      "4ba945",
      "010154",
      "06a2c6",
      "8964a8",
      "4ba94c",
      "06a2b6",
      "484cba",
      "780a17",
      "06a070",
      "4ba959",
      "71c041",
      "76cef5",
      "394a15",
      "a9e167",
      "a2b501",
      "780a19",
      "710110",
      "394a0a",
      "a1cb0f",
      "a9ddb0",
      "71c009",
      "780a16",
      "a9cb18",
      "706058",
      "4bb145",
      "a2b8fe",
      "a9a399",
      "a999d2",
      "780a61",
      "06a2b8",
      "4b1919",
      "70605f",
      "8964a4",
      "71ba02",
      "76cef2",
      "89644e",
      "a1c82a",
      "394a12",
      "4ba94e"
    ],
    "name" : "777 3F2ER",
    "lastSeen" : 1741664796,
    "icao" : "B77W"
  },
  "totalFlights" : 3566,
  "typesSeen" : 148
}