{
  "mostFrequentAircraft" : {
    "hex" : "a470e3",
    "lastSeen" : 1746125616.8999999,
    "flights" : {
      "N38549  " : 59
    },
    "timesSeen" : [
      1740576784,
      1740580402.3,
      1740844500,
      1740848120.7,
      1741009204.5,
      1741012807.6999998,
      1741018454.6000001,
      1741022142.2,
      1741030318.7,
      1741033923,
      1741095212.2,
      1741098868.8,
      1741102876.2,
      1741106477.8999999,
      1741111342,
      1741114950.9,
      1741121583.8,
      1741125199,
      1741205129.5,
      1741609658.2,
      1741613262.6,
      1741617439.1,
      1741626574.5,
      1741630202.8,
      1741636960.8,
      1741641528.4,
      1741712590.8999999,
      1741716557.1,
      1741786536.3,
      1741791732,
      1741796575.1,
      1741800411,
      1741804017,
      1741809672,
      1741813297.9,
      1741868909.3999999,
      1741872532.1,
      1741878571.1000001,
      1741883303.6,
      1741889467.9,
      1741893122.6,
      1741956632.3,
      1741960236.9,
      1741966071,
      1741969680.1,
      1741976377.8,
      1741980033.1,
      1742061233.3999999,
      1742064858.9,
      1742303950.2,
      1742307608.2,
      1742311255.5,
      1742314972.5,
      1742318576.1,
      1742327176.7,
      1742330821.5,
      1742335040.8,
      1742338792.5,
      1742342545,
      1742346170.7,
      1742351151.4,
      1742388404.6,
      1742392062,
      1742397618.7,
      1742405222.5,
      1742412637.3000002,
      1742416242.8,
      1742421557.3000002,
      1742425221.6,
      1742654277,
      1742661054.1,
      1742664708.4,
      1742992830.8999999,
      1742998632.6,
      1743002562.6000001,
      1743007230.4,
      1743017314.7,
      1743020916.7,
      1743166705.5,
      1743606364.1,
      1743609968.3999999,
      1743621062.6,
      1743624664,
      1743631506.3,
      1743635108.1,
      1743952802.1,
      1743956407.5,
      1744206613.2,
      1744211611.3,
      1744215221.5,
      1744226784.8999999,
      1744230389.1,
      1744288739.5,
      1744294894.3999999,
      1744298497.7,
      1744302253.4,
      1744306810,
      1744634201.1000001,
      1744639866.6999998,
      1744728454.3000002,
      1744732086.6,
      1744977439.3999999,
      1744982000.8,
      1744992642.7,
      1745010234.1999998,
      1745013838.8000002,
      1745259408.3000002,
      1745263031.7,
      1745266639.9,
      1745351414.1,
      1745355052.6,
      1745607542.8,
      1745853440.1,
      1745868526.7,
      1745876081.6000001,
      1745931936.1000001,
      1745935541.2,
      1745944281.1,
      1745950078.8,
      1746103721.7,
      1746107372.6,
      1746112766.6000001,
      1746118595.3999999,
      1746122227.7
    ]
  },
  "totalCallsigns" : 6405,
  "mostFrequentType" : {
    "icao" : "B77W",
    "aircraft" : [
      "06a2b1",
      "780a89",
      "a21633",
      "406a34",
      "a2659a",
      "71c347",
      "4b191b",
      "06a2c7",
      "76ceef",
      "06a2c4",
      "76cee8",
      "71ba04",
      "4850f6",
      "a9cecf",
      "a9cb18",
      "4b1916",
      "406947",
      "4065de",
      "8015a7",
      "4b1918",
      "4ba953",
      "800582",
      "3965a2",
      "706056",
      "4bb143",
      "3965a0",
      "71c011",
      "c01753",
      "7580ef",
      "4bb147",
      "06a062",
      "394a0b",
      "4bb144",
      "3965a4",
      "c0171a",
      "407994",
      "394a12",
      "a2b8db",
      "06a2b5",
      "4ba94e",
      "484560",
      "48455f",
      "406591",
      "76cef7",
      "4b1917",
      "06a07a",
      "484cba",
      "780a19",
      "394a07",
      "780a3c",
      "a1c7c1",
      "8964a8",
      "3965b0",
      "06a2b4",
      "407995",
      "06a2b8",
      "06a071",
      "3965a3",
      "76cef5",
      "4851f7",
      "780a18",
      "394a08",
      "70605c",
      "7100c8",
      "76ceea",
      "a9e167",
      "a9d9f7",
      "06a2af",
      "394a0a",
      "4ba94d",
      "4851f6",
      "a9b275",
      "a290f3",
      "70605b",
      "896450",
      "76cef9",
      "a9b9e3",
      "394a06",
      "4b191a",
      "a2b8b8",
      "06a2b6",
      "71ba05",
      "89644e",
      "407992",
      "780a3b",
      "4851b3",
      "89644f",
      "71ba02",
      "a21dc4",
      "a99d89",
      "800c3e",
      "4bb142",
      "71c008",
      "06a1bf",
      "780a17",
      "4bb148",
      "06a2c5",
      "8964a1",
      "896118",
      "a2b8fe",
      "06a19f",
      "4b191d",
      "a2b501",
      "71ba03",
      "06a1bd",
      "a9ab07",
      "710112",
      "01013c",
      "896455",
      "4bb146",
      "394a01",
      "4851f5",
      "780a61",
      "394a18",
      "71c006",
      "a28dc8",
      "70605f",
      "a1f622",
      "06a069",
      "406948",
      "3965a1",
      "4ba955",
      "4ba945",
      "8964a3",
      "4ba948",
      "8004e0",
      "a9a750",
      "a9aebe",
      "407993",
      "706058",
      "a290d0",
      "4ba94b",
      "a1cb0f",
      "4b1921",
      "780205",
      "394a09",
      "896451",
      "4ba946",
      "484cbb",
      "06a2c6",
      "06a1bc",
      "a9c151",
      "40621b",
      "c01734",
      "76cee9",
      "3965b3",
      "484561",
      "76cefa",
      "a9a399",
      "76cdc1",
      "70605e",
      "76cee7",
      "7103d8",
      "3965b1",
      "406b05",
      "06a1c0",
      "a2e014",
      "485ecc",
      "06a070",
      "4bb14a",
      "485000",
      "a999d2",
      "394a04",
      "896454",
      "710119",
      "06a1be",
      "a21656",
      "010154",
      "a1c7e4",
      "8015a6",
      "a9c508",
      "010153",
      "394a02",
      "4ba956",
      "89649f",
      "710107",
      "4ba952",
      "a1f2b1",
      "06a2b7",
      "394a05",
      "c02cf1",
      "4ba94f",
      "780a16",
      "06a2b3",
      "40621d",
      "406590",
      "4ba947",
      "06a2b2",
      "8964a0",
      "a219ea",
      "710111",
      "394a15",
      "a1c82a",
      "40621c",
      "896452",
      "4b191c",
      "4850f5",
      "896453",
      "71c346",
      "a21679",
      "89644b",
      "8964a5",
      "800584",
      "71c042",
      "8964a4",
      "4ba949",
      "78023d",
      "89617e",
      "4ba950",
      "394a14",
      "48455e",
      "8015a8",
      "4bb145",
      "4ba94a",
      "71c010",
      "80159f",
      "71c007",
      "76cef0",
      "76cdc2",
      "4ba959",
      "394a00",
      "394a0c",
      "a9d640",
      "76ceed",
      "710121",
      "c0174f",
      "c0173e",
      "01013d",
      "780220",
      "4ba94c",
      "a9bd9a",
      "a1f5ff",
      "406b0a",
      "70605d",
      "71c009",
      "76cef4",
      "8964a2",
      "76cef2",
      "4ba954",
      "4ba95a",
      "a1cac9",
      "4b1919",
      "76cdc3",
      "710110",
      "4bb141",
      "896110",
      "780204",
      "76cee2",
      "a9ddb0",
      "71c041",
      "4bb14b",
      "3965a9",
      "484cbc",
      "78023e",
      "406a35",
      "89610e",
      "a9d286",
      "71010f",
      "8004de",
      "a9b62c",
      "89644c",
      "76cef6"
    ],
    "name" : "777 300ER",
    "lastSeen" : 1746587020.3
  },
  "typesSeen" : 241,
  "totalManufacturers" : 57,
  "totalFlights" : 25204,
  "aircraftSeen" : 6613
}