{
  "totalCallsigns" : 987,
  "typesSeen" : 131,
  "mostFrequentType" : {
    "name" : "777 236ER",
    "aircraft" : [
      "400685",
      "4006c4",
      "4005c0",
      "aa6db4",
      "aa2ca9",
      "48436c",
      "4005b9",
      "aa57df",
      "aac6ee",
      "4005bf",
      "aab001",
      "4005be",
      "aa92fc",
      "a1f557",
      "aa8a83",
      "aaa4dc",
      "4007fa",
      "aacc5b",
      "aa253b",
      "400773",
      "4005bb",
      "a20433",
      "aaa125",
      "a1a2a2",
      "aa77f0",
      "405bfc",
      "400684",
      "aabf80",
      "aac8a4",
      "aa944a",
      "aacaa5",
      "4006c1",
      "484415",
      "aa6ccb",
      "aac337",
      "4006c0",
      "4007f7",
      "aa86cc",
      "4007f0",
      "400683",
      "aa7f5e",
      "a2007c",
      "aad5ca",
      "aa9f6f",
      "aa9321",
      "aa9093",
      "4005c1",
      "a1aa10",
      "aac136",
      "aac4ed",
      "aa92fa",
      "aa92fb",
      "aace5c",
      "4005bd",
      "400772",
      "aa9bb8",
      "aa441c",
      "3949ec",
      "4841ad",
      "aa92ff",
      "aaa326",
      "aa7439",
      "484369",
      "aab202",
      "aa6b9f",
      "4007f3",
      "aa305f",
      "aa92f8"
    ],
    "icao" : "B772",
    "lastSeen" : 1741054645.6999998
  },
  "totalFlights" : 2123,
  "mostFrequentAircraft" : {
    "flights" : {
      "N97055  " : 7
    },
    "hex" : "ad86ca",
    "lastSeen" : 1741041554,
    "timesSeen" : [
      1740601807.1000001,
      1740606957.8,
      1740843807.6,
      1740847436.2,
      1740860681.5,
      1740922968.7,
      1740952749.7,
      1740956382.1,
      1741027615.6,
      1741033476.4,
      1741037122.2,
      1741040740.9
    ]
  },
  "totalManufacturers" : 31,
  "aircraftSeen" : 1311
}