{
  "totalFlights" : 38021,
  "totalManufacturers" : 67,
  "typesSeen" : 272,
  "aircraftSeen" : 8613,
  "totalCallsigns" : 8252,
  "mostFrequentAircraft" : {
    "hex" : "a470e3",
    "flights" : {
      "N38549  " : 86
    },
    "lastSeen" : 1749421513.6,
    "timesSeen" : [
      1740576784,
      1740580402.3,
      1740844500,
      1740848120.7,
      1741009204.5,
      1741012807.6999998,
      1741018454.6000001,
      1741022142.2,
      1741030318.7,
      1741033923,
      1741095212.2,
      1741098868.8,
      1741102876.2,
      1741106477.8999999,
      1741111342,
      1741114950.9,
      1741121583.8,
      1741125199,
      1741205129.5,
      1741609658.2,
      1741613262.6,
      1741617439.1,
      1741626574.5,
      1741630202.8,
      1741636960.8,
      1741641528.4,
      1741712590.8999999,
      1741716557.1,
      1741786536.3,
      1741791732,
      1741796575.1,
      1741800411,
      1741804017,
      1741809672,
      1741813297.9,
      1741868909.3999999,
      1741872532.1,
      1741878571.1000001,
      1741883303.6,
      1741889467.9,
      1741893122.6,
      1741956632.3,
      1741960236.9,
      1741966071,
      1741969680.1,
      1741976377.8,
      1741980033.1,
      1742061233.3999999,
      1742064858.9,
      1742303950.2,
      1742307608.2,
      1742311255.5,
      1742314972.5,
      1742318576.1,
      1742327176.7,
      1742330821.5,
      1742335040.8,
      1742338792.5,
      1742342545,
      1742346170.7,
      1742351151.4,
      1742388404.6,
      1742392062,
      1742397618.7,
      1742405222.5,
      1742412637.3000002,
      1742416242.8,
      1742421557.3000002,
      1742425221.6,
      1742654277,
      1742661054.1,
      1742664708.4,
      1742992830.8999999,
      1742998632.6,
      1743002562.6000001,
      1743007230.4,
      1743017314.7,
      1743020916.7,
      1743166705.5,
      1743606364.1,
      1743609968.3999999,
      1743621062.6,
      1743624664,
      1743631506.3,
      1743635108.1,
      1743952802.1,
      1743956407.5,
      1744206613.2,
      1744211611.3,
      1744215221.5,
      1744226784.8999999,
      1744230389.1,
      1744288739.5,
      1744294894.3999999,
      1744298497.7,
      1744302253.4,
      1744306810,
      1744634201.1000001,
      1744639866.6999998,
      1744728454.3000002,
      1744732086.6,
      1744977439.3999999,
      1744982000.8,
      1744992642.7,
      1745010234.1999998,
      1745013838.8000002,
      1745259408.3000002,
      1745263031.7,
      1745266639.9,
      1745351414.1,
      1745355052.6,
      1745607542.8,
      1745853440.1,
      1745868526.7,
      1745876081.6000001,
      1745931936.1000001,
      1745935541.2,
      1745944281.1,
      1745950078.8,
      1746103721.7,
      1746107372.6,
      1746112766.6000001,
      1746118595.3999999,
      1746122227.7,
      1747152763.3000002,
      1747156370.7,
      1747161358,
      1747169076.8,
      1747172682.1000001,
      1747234995.6,
      1747238606.3999999,
      1747245002.7,
      1747248642.1000001,
      1747252248.5,
      1747255902.1999998,
      1747259689,
      1747263321.3000002,
      1747409821.2,
      1747415131.5,
      1747418761.1000001,
      1747764028.7,
      1747833285.8,
      1747837832.2,
      1748182551.3000002,
      1748186209.6999998,
      1748203677.6,
      1748217197.6000001,
      1748262869.9,
      1748266477.4,
      1748273232.7,
      1748276892.2,
      1748296149.6999998,
      1748348200.8000002,
      1748351811.1,
      1748361355.3,
      1748377244,
      1748382973.3999999,
      1748386576.3000002,
      1748437298.3999999,
      1748440951.1999998,
      1748444566.3000002,
      1748448171.2,
      1748457100.5,
      1748462137.6,
      1748467040.6,
      1748523173.6999998,
      1748526773.7,
      1748552416.6000001,
      1748556024.7,
      1748779895.3,
      1748783536.5,
      1748981150.6,
      1749038672.9,
      1749042290.3,
      1749045917.1,
      1749049536.3999999,
      1749126580.8,
      1749130191.3,
      1749139719.5,
      1749143372,
      1749151351.4,
      1749154977.3,
      1749212300.8000002,
      1749215958.4,
      1749221817.3,
      1749385789.6999998,
      1749389426,
      1749394799.6000001,
      1749398406.8,
      1749412823.5,
      1749419162.2
    ]
  },
  "mostFrequentType" : {
    "name" : "777 300ER",
    "icao" : "B77W",
    "lastSeen" : 1749522925.3999999,