{
  "mostFrequentAircraft" : {
    "lastSeen" : 1740669637.1000001,
    "flights" : {
      "SWG3269 " : 1
    },
    "hex" : "c017bc",
    "timesSeen" : [
      1740510490.3,
      1740523919.4,
      1740552723.3999999,
      1740614365.5,
      1740668759.9
    ]
  },
  "totalManufacturers" : 27,
  "totalCallsigns" : 427,
  "aircraftSeen" : 627,
  "totalFlights" : 830,
  "mostFrequentType" : {
    "aircraft" : [
      "aac136",
      "4006c1",
      "aac6ee",
      "aacc5b",
      "4007f0",
      "3949ec",
      "4005bd",
      "aabf80",
      "4005be",
      "aa57df",
      "aaa4dc",
      "4005b9",
      "4841ad",
      "aa9f6f",
      "aa9093",
      "aa92fa",
      "aace5c",
      "a20433",
      "aaa326",
      "aa86cc",
      "aab202",
      "4007fa",
      "aac4ed",
      "a1aa10",
      "aa9321",
      "4005c1",
      "aa6b9f",
      "aaa125",
      "aa92ff",
      "4006c4",
      "aa7439",
      "48436c",
      "aa441c",
      "a1f557",
      "400683",
      "400684",
      "aa305f",
      "4005bf"
    ],
    "name" : "777 222ER",
    "icao" : "B772",
    "lastSeen" : 1740700557.3999999
  },
  "typesSeen" : 100
}