{
  "typesSeen" : 101,
  "totalFlights" : 883,
  "mostFrequentType" : {
    "aircraft" : [
      "47c1c2",
      "4b1884",
      "478d42",
      "ab15c2",
      "ab2855",
      "461f07",
      "ab398a",
      "3c656b",
      "4ba9ce",
      "4b187d",
      "484fff",
      "3c4ec7",
      "aaea8c",
      "ab538b",
      "478854",
      "461f09",
      "ab35d3",
      "ab0e54",
      "40655d",
      "4ca5c7",
      "4caaf1",
      "3c68cb",
      "407be6",
      "4ac8a8",
      "406832",
      "ab00d6",
      "4ca74e",
      "478f47",
      "478f43",
      "ab249e",
      "4b187f",
      "4b1883",
      "4b1880",
      "ab20e7",
      "ab4fd4",
      "3c5b32",
      "aaf5b1",
      "406814",
      "4b187b",
      "3c6573"
    ],
    "name" : "A330 343E",
    "icao" : "A333",
    "lastSeen" : 1740718121.9
  },
  "aircraftSeen" : 650,
  "totalManufacturers" : 27,
  "totalCallsigns" : 451,
  "mostFrequentAircraft" : {
    "hex" : "c017bc",
    "lastSeen" : 1740669637.1000001,
    "flights" : {
      "SWG3269 " : 1
    },
    "timesSeen" : [
      1740510490.3,
      1740523919.4,
      1740552723.3999999,
      1740614365.5,
      1740668759.9
    ]
  }
}