{
  "totalFlights" : 63504,
  "typesSeen" : 311,
  "mostFrequentAircraft" : {
    "hex" : "a4c0c6",
    "timesSeen" : [
      1740504236.6,
      1740510052,
      1740576694,
      1740590062.1000001,
      1741016592.1,
      1741619543.8,
      1741624856.6,
      1741707831.3,
      1741711659.9,
      1741784734.3,
      1741789900.6000001,
      1741793628.1,
      1741797408.1,
      1741801493.4,
      1741869277.6999998,
      1741872882.5,
      1741881471.3,
      1741885103,
      1741888760.1000001,
      1741961965.1,
      1741965582.8999999,
      1741987209.8999999,
      1741990827.7,
      1742049614.6,
      1742053236.6,
      1742057530.1000001,
      1742061134,
      1742299774.1000001,
      1742303395.9,
      1742307553,
      1742311178.8999999,
      1742314882.1000001,
      1742318508.6,
      1742326506.6,
      1742330110,
      1742391401.9,
      1742395005.6,
      1742647846.2,
      1742651493.6999998,
      1742662236.6,
      1742665882.3999999,
      1742902572.5,
      1742913992.1,
      1742918860.2,
      1742989648.6,
      1742993830.8,
      1743000134.1,
      1743003737.1,
      1743009654.3,
      1743013438.6,
      1743164822.8,
      1743168427.6000001,
      1743186298.1,
      1743189955.5,
      1743599365.4,
      1743604014.6000001,
      1743607717.6000001,
      1743616097.2,
      1743619750.8999999,
      1743771049.9,
      1743774895.3,
      1744208887.4,
      1744223302.8,
      1744286754.6999998,
      1744295405.1000001,
      1744299033.8,
      1744321369.2,
      1744325015.8,
      1744730131.6,
      1744740409.5,
      1744987706.8999999,
      1744991312.7,
      1745067566.8,
      1745071193.7,
      1745076225.1999998,
      1745079885,
      1745251538.6,
      1745255165.6,
      1745341895.8,
      1745345536.3000002,
      1745413459.1000001,
      1745417083.8,
      1745420737.2,
      1745424366.1,
      1745427978.4,
      1745431604.8999999,
      1745498045.6999998,
      1745501659.7,
      1745509323.6,
      1745515269.1999998,
      1745530138.8,
      1745533779.8000002,
      1745585409,
      1745589010.6999998,
      1745594898.1,
      1745600814.9,
      1745606103.5,
      1745856113.3999999,
      1745869414.5,
      1745877793.7,
      1746102676.8,
      1746106321,
      1746109934.3,
      1746113544,
      1746120575.4,
      1746124178.8,
      1746128861.8,
      1746135620,
      1746139220.5,
      1746144248.1,
      1746278558.7,
      1746282162.8999999,
      1747149050.7,
      1747155288.1000001,
      1747165773.7,
      1747169376.6000001,
      1747222245,
      1747234617.8999999,
      1747240203.4,
      1747246299.9,
      1747255704.6000001,
      1747421202.6999998,
      1747424828.4,
      1747745373.4,
      1748267105.5,
      1748270753.5,
      1748283306.6,
      1748294848,
      1748298492.4,
      1748302122.9,
      1748348586.6000001,
      1748352216.5,
      1748367032.1000001,
      1748370674.6,
      1748375003.8000002,
      1748383766.3999999,
      1748387411.1,
      1748435230.8999999,
      1748438839.9,
      1748458491.3999999,
      1748462109.1,
      1748533251.1999998,
      1748536902.2,
      1748781456,
      1748785100.6999998,
      1748870710.8,
      1748953997.3,
      1748957648.7,
      1748964133.7,
      1748967905.4,
      1748972349.1,
      1748975962.3999999,
      1749041092.8,
      1749044734.5,
      1749056047.3,
      1749062565.2,
      1749068061.6000001,
      1749136373.6000001,
      1749139981,
      1749143610.6,
      1749384286.3,
      1749389392.7,
      1749392998.3,
      1749403449.3,
      1749407053.5,
      1749413512.6999998,
      1749417139,
      1751205992.1000001,
      1751217971.2,
      1751221577.3,
      1751226443.3,
      1751230084.7,
      1751238397.8,
      1751246266,
      1751282893.1,
      1751286513.7,
      1751291242.5,
      1751294846.8999999,
      1751305270.3,
      1751308874.7,
      1751312525.3999999,
      1751316147,
      1751401151.1999998,
      1751458992,
      1751462595.1999998,
      1751466711.6,
      1751471999.6,
      1751475637.8,
      1751479280.9,
      1751491099.1,
      1751504375.5,
      1751546938.5,
      1751550564.5,
      1751554366.2,
      1751558023.5,
      1751808941.6999998,
      1753186637.1,
      1753190258.4,
      1753195472.3,
      1753203060.9,
      1753206682,
      1753281039.2,
      1753289182,
      1753294197.3999999,
      1753297799.3,
      1753301531.9,
      1753305638.7,
      1753309243.3999999,
      1753360416.6,
      1753364042.9,
      1753372971.8000002,
      1753376575.8,
      1753447735.9,
      1753451342.8,
      1753455154,
      1753458756.9,
      1753462410.1,
      1753466056.7,
      1753483358.1,
      1753489304.7,
      1753541517.2,
      1753547921,
      1753612964.2,
      1753636602.4,
      1753706750.3,
      1753710368.8999999,
      1753716812.3999999,
      1753720416.9,
      1753727294.6,
      1753730902.3,
      1753737185.8,
      1753742664.5,
      1753794937.8,
      1753798563.6999998,
      1753802175.9,
      1753805797.1,
      1753826187.3,
      1753829905.1,
      1753887127,
      1753890727.2,
      1754051479.2,
      1754055203.8999999,
      1754086621,
      1754090256.3,
      1754143653.4,
      1754147266.3999999,
      1754151860.8000002,
      1754155487.3999999,
      1754223227.7,
      1754227156.3999999,
      1754317623.6,
      1754405873.1,
      1754411441.2,
      1754419484.1,
      1754423127.8,
      1754427395.3,
      1754485187.7,
      1754488789.6000001,
      1754498342.8,
      1754570921.6,
      1754574525.8000002,
      1754581108.3999999,
      1754584737.8999999,
      1754590264.3,
      1754593882.2,
      1754605342.3,
      1754608949,
      1754658940,
      1754683628.9,
      1754829349.8,
      1754832954.1,
      1754845214,
      1754853223.6
    ],
    "lastSeen" : 1754854642.8,
    "flights" : {
      "N405SB  " : 134
    }
  },
  "totalManufacturers" : 75,
  "totalCallsigns" : 13513,
  "mostFrequentType" : {
    "name" : "737NG 8CT\/W",
    "lastSeen" : 1754876298.3,