{
  "totalFlights" : 3165,
  "typesSeen" : 139,
  "mostFrequentType" : {
    "icao" : "B772",
    "lastSeen" : 1741573171.6,
    "aircraft" : [
      "a9f502",
      "aa2ca9",
      "484369",
      "400773",
      "4006c1",
      "aa92f8",
      "aa92fa",
      "aa1a16",
      "aabf80",
      "400772",
      "400684",
      "aa6db4",
      "aacc5b",
      "aa3417",
      "4005be",
      "a1aa10",
      "aa944a",
      "aa305f",
      "a1a2a2",
      "aa7439",
      "3949e6",
      "aa57df",
      "4005bc",
      "aaa893",
      "4007fa",
      "4007f4",
      "aab001",
      "4006c0",
      "aac4ed",
      "aa9bb8",
      "aadb37",
      "a1b535",
      "aa28f2",
      "3949e3",
      "aace5c",
      "400610",
      "aac8a4",
      "aad780",
      "4005bb",
      "484370",
      "a2007c",
      "aa7f5e",
      "aad5ca",
      "aa92ff",
      "aaa4dc",
      "aab202",
      "4005bf",
      "aa92fc",
      "4841ad",
      "484416",
      "aa86cc",
      "aac136",
      "aa6b9f",
      "4843f3",
      "aa6ccb",
      "aa8a83",
      "3949ec",
      "a20433",
      "aaa125",
      "a1f557",
      "400685",
      "4007f7",
      "48436c",
      "4005b9",
      "aa9093",
      "484415",
      "400774",
      "aa92fb",
      "aac337",
      "a92d6d",
      "4005bd",
      "4005c0",
      "aa9321",
      "4007f3",
      "aa253b",
      "4007f0",
      "3949f0",
      "aa77f0",
      "aa441c",
      "400683",
      "aacaa5",
      "4005c1",
      "405bfc",
      "aa9f6f",
      "aac6ee",
      "4006c4",
      "aaa326"
    ],
    "name" : "777 224ER"
  },
  "totalManufacturers" : 34,
  "aircraftSeen" : 1777,
  "totalCallsigns" : 1398,
  "mostFrequentAircraft" : {
    "hex" : "a470e3",
    "lastSeen" : 1741205794.5,
    "flights" : {
      "N38549  " : 10
    },
    "timesSeen" : [
      1740576784,
      1740580402.3,
      1740844500,
      1740848120.7,
      1741009204.5,
      1741012807.6999998,
      1741018454.6000001,
      1741022142.2,
      1741030318.7,
      1741033923,
      1741095212.2,
      1741098868.8,
      1741102876.2,
      1741106477.8999999,
      1741111342,
      1741114950.9,
      1741121583.8,
      1741125199,
      1741205129.5
    ]
  }
}